Workbook

Sheet Planning Gantt
A1: PROJET D’ÉCOLE — PLANNING GANTT
A2: Application 1 : livraison prévue le 30 novembre 2026 | Application 2 : dates à définir
A3: Priorité immédiate : définir les tâches et lire les documents de présentation de l’entreprise aujourd’hui ; finaliser le cahier des charges avant le 16 octobre.
A5: N° | B5: Projet | C5: Tâche | D5: Début | E5: Fin | F5: Durée (j) | G5: Statut | H5: Avancement
A6: 1 | B6: Application 1 | C6: Déterminer la liste des tâches | D6: 46301 | E6: 46301 | F6: =IF(OR(D6="",E6=""),"",E6-D6+1) -> 1 | G6: À faire aujourd’hui | H6: 0
A7: 2 | B7: Application 1 | C7: Lire les documents de présentation de l’entreprise | D7: 46301 | E7: 46301 | F7: =IF(OR(D7="",E7=""),"",E7-D7+1) -> 1 | G7: À faire aujourd’hui | H7: 0
A8: 3 | B8: Application 1 | C8: Synthétiser le contexte et les besoins | D8: 46302 | E8: 46303 | F8: =IF(OR(D8="",E8=""),"",E8-D8+1) -> 2 | G8: À faire | H8: 0
A9: 4 | B9: Application 1 | C9: Définir le périmètre et les fonctionnalités | D9: 46304 | E9: 46304 | F9: =IF(OR(D9="",E9=""),"",E9-D9+1) -> 1 | G9: À faire | H9: 0
A10: 5 | B10: Application 1 | C10: Rédiger le cahier des charges | D10: 46307 | E10: 46309 | F10: =IF(OR(D10="",E10=""),"",E10-D10+1) -> 3 | G10: À faire | H10: 0
A11: 6 | B11: Application 1 | C11: Faire relire et corriger le cahier des charges | D11: 46310 | E11: 46310 | F11: =IF(OR(D11="",E11=""),"",E11-D11+1) -> 1 | G11: À faire | H11: 0
A12: 7 | B12: Application 1 | C12: Finaliser le cahier des charges | D12: 46311 | E12: 46311 | F12: =IF(OR(D12="",E12=""),"",E12-D12+1) -> 1 | G12: Jalon | H12: 0
A13: 8 | B13: Application 1 | C13: Concevoir les maquettes et l’architecture | D13: 46314 | E13: 46318 | F13: =IF(OR(D13="",E13=""),"",E13-D13+1) -> 5 | G13: À faire | H13: 0
A14: 9 | B14: Application 1 | C14: Développer l’application | D14: 46321 | E14: 46332 | F14: =IF(OR(D14="",E14=""),"",E14-D14+1) -> 12 | G14: À faire | H14: 0
A15: 10 | B15: Application 1 | C15: Réaliser les tests fonctionnels | D15: 46335 | E15: 46339 | F15: =IF(OR(D15="",E15=""),"",E15-D15+1) -> 5 | G15: À faire | H15: 0
A16: 11 | B16: Application 1 | C16: Corriger et stabiliser l’application | D16: 46342 | E16: 46346 | F16: =IF(OR(D16="",E16=""),"",E16-D16+1) -> 5 | G16: À faire | H16: 0
A17: 12 | B17: Application 1 | C17: Préparer la démonstration et la documentation | D17: 46349 | E17: 46353 | F17: =IF(OR(D17="",E17=""),"",E17-D17+1) -> 5 | G17: À faire | H17: 0
A18: 13 | B18: Application 1 | C18: Livrer la première application | D18: 46356 | E18: 46356 | F18: =IF(OR(D18="",E18=""),"",E18-D18+1) -> 1 | G18: Jalon | H18: 0
A19: 14 | B19: Application 2 | C19: Cadrer les besoins et fixer une date | F19: =IF(OR(D19="",E19=""),"",E19-D19+1) | G19: À planifier | H19: 0
A20: 15 | B20: Application 2 | C20: Rédiger le cahier des charges | F20: =IF(OR(D20="",E20=""),"",E20-D20+1) | G20: À planifier | H20: 0
A21: 16 | B21: Application 2 | C21: Concevoir, développer et tester | F21: =IF(OR(D21="",E21=""),"",E21-D21+1) | G21: À planifier | H21: 0

Sheet Chart Data
A1: Tâche | B1: Début relatif | C1: Durée
A2: ='Planning Gantt'!C6 -> Déterminer la liste des tâches | B2: ='Planning Gantt'!D6-DATE(2026,10,6) -> 0 | C2: ='Planning Gantt'!F6 -> 1
A3: ='Planning Gantt'!C7 -> Lire les documents de présentation de l’entreprise | B3: ='Planning Gantt'!D7-DATE(2026,10,6) -> 0 | C3: ='Planning Gantt'!F7 -> 1
A4: ='Planning Gantt'!C8 -> Synthétiser le contexte et les besoins | B4: ='Planning Gantt'!D8-DATE(2026,10,6) -> 1 | C4: ='Planning Gantt'!F8 -> 2
A5: ='Planning Gantt'!C9 -> Définir le périmètre et les fonctionnalités | B5: ='Planning Gantt'!D9-DATE(2026,10,6) -> 3 | C5: ='Planning Gantt'!F9 -> 1
A6: ='Planning Gantt'!C10 -> Rédiger le cahier des charges | B6: ='Planning Gantt'!D10-DATE(2026,10,6) -> 6 | C6: ='Planning Gantt'!F10 -> 3
A7: ='Planning Gantt'!C11 -> Faire relire et corriger le cahier des charges | B7: ='Planning Gantt'!D11-DATE(2026,10,6) -> 9 | C7: ='Planning Gantt'!F11 -> 1
A8: ='Planning Gantt'!C12 -> Finaliser le cahier des charges | B8: ='Planning Gantt'!D12-DATE(2026,10,6) -> 10 | C8: ='Planning Gantt'!F12 -> 1
A9: ='Planning Gantt'!C13 -> Concevoir les maquettes et l’architecture | B9: ='Planning Gantt'!D13-DATE(2026,10,6) -> 13 | C9: ='Planning Gantt'!F13 -> 5
A10: ='Planning Gantt'!C14 -> Développer l’application | B10: ='Planning Gantt'!D14-DATE(2026,10,6) -> 20 | C10: ='Planning Gantt'!F14 -> 12
A11: ='Planning Gantt'!C15 -> Réaliser les tests fonctionnels | B11: ='Planning Gantt'!D15-DATE(2026,10,6) -> 34 | C11: ='Planning Gantt'!F15 -> 5
A12: ='Planning Gantt'!C16 -> Corriger et stabiliser l’application | B12: ='Planning Gantt'!D16-DATE(2026,10,6) -> 41 | C12: ='Planning Gantt'!F16 -> 5
A13: ='Planning Gantt'!C17 -> Préparer la démonstration et la documentation | B13: ='Planning Gantt'!D17-DATE(2026,10,6) -> 48 | C13: ='Planning Gantt'!F17 -> 5
A14: ='Planning Gantt'!C18 -> Livrer la première application | B14: ='Planning Gantt'!D18-DATE(2026,10,6) -> 55 | C14: ='Planning Gantt'!F18 -> 1
